date,name,type,distance_km,moving_time,elapsed_time,avg_hr,max_hr,elevation_gain_m,elevation_loss_m,min_elevation_m,max_elevation_m,avg_pace_min_km,max_pace_min_km,avg_cadence,calories,training_load,aerobic_training_effect,anaerobic_training_effect,vo2max_estimate,activity_id,start_time
2026-07-11,Furesø Running,outdoor,21.38,2:07:16,2:10:19,,,238.0,239.0,22.2,47.8,5:57,4:05,152,1986.0,82.1805419921875,3.200000047683716,0.0,,23563760621,2026-07-11 21:21:35
2026-07-09,Copenhagen Running,outdoor,8.15,0:46:55,0:47:22,141.0,160.0,71.0,58.0,11.2,36.8,5:45,4:20,154,657.0,68.873779296875,3.0,0.0,54.0,23540360315,2026-07-09 21:26:01
2026-07-09,Copenhagen Running,outdoor,8.15,0:46:55,0:47:22,141.0,160.0,71.0,58.0,11.2,36.8,5:45,4:20,154,657.0,68.873779296875,3.0,0.0,54.0,23540360315,2026-07-09 21:26:01
2026-07-08,Copenhagen Running,outdoor,9.32,0:54:17,0:55:09,147.0,166.0,80.0,78.0,9.2,36.0,5:49,4:18,155,791.0,88.69268798828125,3.299999952316284,0.0,54.0,23524591680,2026-07-08 16:25:56
2026-07-07,Copenhagen Running,outdoor,6.62,0:33:49,0:33:59,155.0,186.0,50.0,51.0,9.4,18.2,5:06,2:26,162,541.0,152.87966918945312,3.5,2.799999952316284,54.0,23514250146,2026-07-07 19:47:08
2026-07-05,Copenhagen Running,outdoor,12.01,1:05:08,1:05:56,135.0,154.0,24.0,23.0,6.2,17.4,5:25,4:36,159,905.0,84.06990051269531,3.200000047683716,0.0,54.0,23492470480,2026-07-05 21:17:45
2026-07-04,Copenhagen Running,outdoor,18.08,1:53:23,1:54:58,140.0,155.0,55.0,64.0,2.2,16.8,6:16,5:04,152,1464.0,105.90812683105469,3.5,0.0,53.0,23481217090,2026-07-04 21:22:28
2026-07-02,Copenhagen Running,outdoor,13.77,1:20:00,1:22:11,137.0,160.0,64.0,64.0,5.4,19.0,5:48,4:44,151,1088.0,87.08444213867188,3.299999952316284,0.0,54.0,23457896369,2026-07-02 20:18:13
2026-06-30,Copenhagen Running,outdoor,11.73,1:10:15,1:11:01,143.0,169.0,84.0,84.0,11.2,37.8,5:59,3:49,155,967.0,89.004150390625,3.299999952316284,0.5,54.0,23433063474,2026-06-30 18:41:32
2026-06-27,Copenhagen Running,outdoor,15.73,1:15:48,1:16:58,161.0,184.0,70.0,77.0,-3.0,19.4,4:49,3:56,160,1274.0,239.36904907226562,5.0,0.20000000298023224,54.0,23400878129,2026-06-27 22:23:10
2026-06-24,Copenhagen Running,outdoor,11.26,0:58:08,0:58:51,148.0,170.0,24.0,23.0,7.2,19.4,5:09,3:18,157,871.0,124.38043212890625,3.700000047683716,0.30000001192092896,54.0,23368720074,2026-06-24 22:19:08
2026-06-22,Treadmill Running,treadmill,3.45,0:32:57,0:42:27,,,,,,,9:33,8:43,93,207.0,9.056045532226562,0.8999999761581421,0.0,,23353088798,2026-06-22 21:10:38
2026-06-20,Copenhagen Running,outdoor,12.58,1:10:14,1:11:41,156.0,179.0,96.0,92.0,7.0,35.8,5:35,3:19,156,1080.0,130.8958740234375,3.799999952316284,0.4000000059604645,53.0,23321556833,2026-06-20 21:20:28
2026-06-12,Bornholm Running,outdoor,3.8,0:22:34,0:23:02,138.0,158.0,35.0,25.0,-0.6,28.4,5:56,5:03,157,316.0,33.61875915527344,2.200000047683716,0.0,54.0,23219878639,2026-06-12 08:51:09
2026-06-08,Reykjavik Running,outdoor,44.01,4:19:35,4:41:04,155.0,182.0,442.0,425.0,-1.6,172.4,5:53,3:01,142,3803.0,354.84869384765625,5.0,0.5,54.0,23181450100,2026-06-08 18:51:46
2026-06-07,Running,outdoor,10.65,0:57:02,0:58:05,153.0,172.0,71.0,64.0,-106.6,-75.0,5:21,2:44,160,869.0,113.09629821777344,3.5,0.20000000298023224,,23161902888,2026-06-07 11:51:10
2026-05-31,Treadmill Running,treadmill,7.75,1:09:12,1:24:28,,,,,,,8:55,8:12,100,455.0,0.0,0.0,0.0,,23083668816,2026-05-31 18:55:47
2026-05-30,Running,outdoor,14.83,1:25:33,1:31:13,152.0,179.0,112.0,101.0,-22.4,7.6,5:46,2:32,150,1290.0,138.5833282470703,3.700000047683716,0.800000011920929,,23068172637,2026-05-30 13:47:19
2026-05-24,Running,outdoor,9.62,1:22:13,2:39:23,150.0,182.0,566.0,574.0,852.0,1295.2,8:32,2:47,73,1851.0,198.8417510986328,4.400000095367432,0.4000000059604645,,22992948931,2026-05-24 08:10:56
2026-05-23,Running,outdoor,19.42,2:48:14,4:43:19,156.0,182.0,984.0,990.0,994.0,1677.6,8:39,3:49,83,3285.0,356.0082092285156,5.0,2.0,,22983923505,2026-05-23 09:37:47
2026-05-22,Running,outdoor,9.86,1:11:20,1:47:16,165.0,192.0,498.0,496.0,831.2,1232.6,7:14,3:49,97,1440.0,318.1729736328125,5.0,1.7000000476837158,,22976487520,2026-05-22 20:24:28
2026-05-18,Hill Intervals,outdoor,5.9,0:32:09,0:34:43,156.0,190.0,73.0,65.0,60.0,80.8,5:27,1:18,144,501.0,144.1643829345703,3.4000000953674316,2.799999952316284,,22927626716,2026-05-18 20:20:21
2026-05-16,Treadmill Running,treadmill,11.02,1:25:46,1:26:41,,,,,,,7:47,6:21,135,924.0,14.7994384765625,1.399999976158142,0.0,,22900711053,2026-05-16 13:13:43
2026-05-11,Treadmill Running,treadmill,2.79,0:21:59,0:29:55,,,,,,,7:53,5:46,107,239.0,6.5078125,0.6000000238418579,0.0,,22846998714,2026-05-11 21:01:47
2026-05-10,Running,outdoor,43.65,3:52:42,3:59:24,163.0,181.0,75.0,65.0,36.6,58.6,5:19,3:00,161,3186.0,323.3169250488281,5.0,2.0,,22832309946,2026-05-10 09:58:39
2026-05-06,Treadmill Running,treadmill,5.73,0:39:54,0:40:54,,,,,,,6:57,6:01,146,506.0,8.838729858398438,0.800000011920929,0.0,,22790285736,2026-05-06 22:42:10
2026-05-03,Running,outdoor,10.88,1:12:12,1:21:16,148.0,174.0,93.0,82.0,24.8,55.6,6:38,4:44,146,1061.0,93.61111450195312,3.4000000953674316,0.20000000298023224,,22746838692,2026-05-03 10:07:19
2026-05-01,Running,outdoor,7.21,0:39:54,0:41:45,158.0,172.0,57.0,47.0,55.2,83.8,5:32,3:00,153,663.0,118.84024047851562,3.700000047683716,0.0,,22723614353,2026-05-01 11:43:59
2026-04-29,Running,outdoor,5.61,0:28:03,0:30:14,151.0,188.0,6.0,3.0,37.2,42.6,5:00,1:37,151,442.0,132.8115997314453,3.200000047683716,2.799999952316284,,22704893210,2026-04-29 18:48:35
2026-04-25,LISS,outdoor,11.89,1:03:44,1:04:19,156.0,176.0,138.0,139.0,73.4,102.0,5:21,5:01,162,988.0,134.6495361328125,3.9000000953674316,0.20000000298023224,,22654849975,2026-04-25 14:20:52
2026-04-22,Running,outdoor,10.19,0:58:11,1:00:22,137.0,172.0,72.0,64.0,31.0,59.8,5:42,3:36,151,641.0,55.79698181152344,2.5,1.399999976158142,,22620526600,2026-04-22 17:40:55
2026-04-18,Running,outdoor,32.01,3:01:37,3:15:48,151.0,172.0,292.0,280.0,66.4,102.4,5:40,2:34,151,2231.0,161.22776794433594,4.199999809265137,0.800000011920929,,22571945137,2026-04-18 13:28:34
2026-04-15,Running,outdoor,9.03,0:43:10,0:44:30,173.0,192.0,33.0,23.0,28.4,48.0,4:46,2:44,166,779.0,254.94407653808594,5.0,2.299999952316284,,22537344206,2026-04-15 17:55:52
2026-04-11,Running,outdoor,14.62,1:21:03,1:25:33,,,77.0,70.0,34.8,60.2,5:32,4:47,152,1360.0,14.785354614257812,1.399999976158142,0.0,,22487854667,2026-04-11 12:15:24
2026-04-09,Running,outdoor,6.37,0:32:37,0:34:30,,,60.0,48.0,26.0,51.4,5:07,1:06,158,582.0,5.1759796142578125,0.5,0.0,,22469718589,2026-04-09 20:20:30
2026-04-04,Running,outdoor,21.25,1:54:43,1:59:32,,,210.0,214.0,14.4,57.6,5:23,3:27,158,1984.0,13.446853637695312,1.2999999523162842,0.0,,22405057964,2026-04-04 13:16:38
2026-04-01,Running,outdoor,13.16,1:09:35,1:10:06,,,35.0,28.0,32.0,46.2,5:17,4:59,162,1231.0,8.832138061523438,0.800000011920929,0.0,,22369408563,2026-04-01 10:36:03
2026-03-31,Running,outdoor,8.17,0:42:59,0:43:29,,,66.0,71.0,29.0,56.0,5:15,2:32,162,763.0,7.4446563720703125,0.699999988079071,0.0,,22369407463,2026-03-31 18:29:27
2026-03-28,Running,outdoor,3.2,0:15:29,0:16:30,,,16.0,9.0,36.0,44.6,4:49,3:07,161,302.0,3.8560943603515625,0.30000001192092896,0.0,,22325109792,2026-03-28 10:15:36
2026-03-27,Running,outdoor,5.01,0:25:51,0:26:08,,,11.0,6.0,29.8,38.2,5:09,4:40,166,471.0,4.2957000732421875,0.4000000059604645,0.0,,22312762993,2026-03-27 06:34:49
2026-03-22,Running,outdoor,6.25,0:41:03,0:47:01,,,28.0,15.0,52.2,67.6,6:34,4:59,146,580.0,7.0485382080078125,0.699999988079071,0.0,,22258900646,2026-03-22 11:37:34
2026-03-14,Running,outdoor,21.22,1:54:27,1:56:37,,,12.0,13.0,18.0,26.8,5:23,3:16,160,1980.0,13.454635620117188,1.2999999523162842,0.0,,22172845886,2026-03-14 15:42:28
2026-03-12,Running,outdoor,4.11,0:21:23,0:21:35,147.0,166.0,5.0,4.0,33.4,40.4,5:12,4:51,165,308.0,52.295989990234375,2.799999952316284,0.0,,22172842994,2026-03-12 06:26:12
2026-03-07,Running,outdoor,9.03,0:48:05,0:48:56,,,9.0,4.0,39.4,47.6,5:19,3:27,161,844.0,11.783096313476562,1.100000023841858,0.0,,22092921242,2026-03-07 14:17:42
2026-03-05,Running,outdoor,5.01,0:24:47,0:25:22,131.0,174.0,12.0,8.0,33.0,42.2,4:56,3:06,165,292.0,80.7044677734375,3.0,1.5,,22066335227,2026-03-05 06:14:13
2026-02-28,Treadmill Running,treadmill,8.18,0:55:46,0:57:11,145.0,171.0,,,,,6:49,5:23,146,697.0,92.0360107421875,3.4000000953674316,0.0,,22018447192,2026-02-28 21:11:27
2026-02-25,Running,outdoor,5.24,0:26:39,0:28:46,164.0,181.0,21.0,15.0,34.2,46.4,5:05,4:01,157,483.0,113.0889892578125,3.5999999046325684,0.0,,21977615357,2026-02-25 06:33:12
2026-02-18,Treadmill Running,treadmill,3.0,0:28:06,0:32:03,,,,,,,9:21,8:59,101,181.0,76.79827880859375,3.200000047683716,0.0,,21949895923,2026-02-18 20:36:06
2026-02-17,Treadmill Running,treadmill,7.28,0:53:33,0:53:53,141.0,174.0,,,,,7:21,5:33,140,589.0,83.59111022949219,3.299999952316284,0.0,,21901468164,2026-02-17 22:23:01
2026-02-08,Running,outdoor,5.75,0:30:11,0:30:34,,,69.0,65.0,56.2,82.8,5:14,4:22,163,539.0,7.828125,0.699999988079071,0.0,,21876763092,2026-02-08 13:32:53
2026-02-05,Fartlek Run,outdoor,6.12,0:32:11,0:32:49,161.0,178.0,48.0,38.0,40.2,57.6,5:15,4:37,163,535.0,115.35403442382812,3.700000047683716,0.0,,21769110876,2026-02-05 06:04:09
2026-02-03,Running,outdoor,9.26,0:50:06,0:50:37,151.0,171.0,42.0,41.0,32.0,45.2,5:24,5:06,159,742.0,129.25450134277344,3.700000047683716,1.399999976158142,,21747259912,2026-02-03 05:07:04
2026-01-25,Running,outdoor,12.01,1:02:48,1:04:04,166.0,184.0,103.0,99.0,65.6,91.4,5:13,4:44,162,1072.0,216.96792602539062,4.800000190734863,1.100000023841858,,21663093675,2026-01-25 16:11:04
2026-01-17,LISS,outdoor,12.78,1:11:00,1:11:38,145.0,166.0,95.0,97.0,161.4,190.8,5:33,4:33,159,885.0,63.61004638671875,2.9000000953674316,0.10000000149011612,,21575299474,2026-01-17 12:12:57
2026-01-13,Running,outdoor,3.23,0:17:00,0:17:33,158.0,168.0,15.0,10.0,164.2,176.0,5:15,4:33,161,285.0,61.99870300292969,3.0,0.0,,21537777835,2026-01-13 21:23:33
2026-01-13,Running,outdoor,3.29,0:16:50,0:16:59,162.0,173.0,22.0,5.0,162.4,179.0,5:06,4:21,166,285.0,68.11013793945312,3.0999999046325684,0.0,,21536424675,2026-01-13 19:23:37
2025-12-30,Track/Road Reps,outdoor,8.01,0:38:26,0:40:26,162.0,187.0,33.0,28.0,158.4,166.2,4:48,1:23,158,652.0,184.6778564453125,4.0,2.5999999046325684,,21391264150,2025-12-30 11:39:37
2025-12-27,LISS,treadmill,4.57,0:30:19,0:30:54,155.0,167.0,,,,,6:37,5:56,153,484.0,83.54302978515625,3.299999952316284,0.0,,21366948559,2025-12-27 18:20:39
2025-12-25,Run: Z2 - 1h,outdoor,10.39,0:59:32,1:00:31,137.0,145.0,14.0,5.0,33.0,48.4,5:43,5:01,152,616.0,32.383148193359375,2.299999952316284,0.0,,21350104396,2025-12-25 20:49:24
2025-12-23,Running,outdoor,6.12,0:29:37,0:29:51,159.0,185.0,29.0,22.0,10.6,24.8,4:50,3:11,163,471.0,128.62974548339844,3.5,2.200000047683716,,21334881900,2025-12-23 20:31:17
2025-12-21,Running,outdoor,1.91,0:09:41,0:09:51,,,8.0,5.0,41.8,51.2,5:03,4:10,166,180.0,14.399093627929688,1.399999976158142,0.0,,21317301157,2025-12-21 18:03:20
2025-12-21,Running,outdoor,8.25,0:40:24,0:41:00,175.0,194.0,78.0,68.0,35.2,68.8,4:53,3:47,166,736.0,224.9669647216797,5.0,0.20000000298023224,,21315540872,2025-12-21 14:58:40
2025-12-19,Running,outdoor,7.17,0:39:11,0:40:08,,,30.0,39.0,43.6,66.6,5:27,4:09,155,668.0,0.0,0.0,0.0,,21296697336,2025-12-19 10:59:26
2025-12-12,Running,outdoor,2.66,0:13:23,0:13:50,,,2.0,2.0,150.0,152.6,5:02,3:55,167,250.0,0.0,0.0,0.0,,21235891560,2025-12-12 15:32:37
2025-12-02,Running,outdoor,5.02,0:26:35,0:26:53,,,2.0,,162.2,164.6,5:17,4:51,161,470.0,0.0,0.0,0.0,,21146592554,2025-12-02 15:03:33
2025-11-30,Running,outdoor,8.01,0:43:26,0:44:42,,,3.0,3.0,158.8,184.2,5:25,4:28,156,746.0,0.0,0.0,0.0,,21145507373,2025-11-30 17:05:12
2025-11-24,Treadmill Running,treadmill,2.89,0:29:09,0:39:55,,,,,,,10:05,8:09,87,179.0,0.0,0.0,0.0,,21083155388,2025-11-24 21:47:36
2025-11-16,Treadmill Running,treadmill,5.2,0:46:29,0:47:50,,,,,,,8:56,4:44,119,322.0,2.8125152587890625,0.20000000298023224,0.0,,21001603856,2025-11-16 12:18:29
2025-11-12,Treadmill Running,treadmill,5.0,0:35:29,0:36:00,131.0,150.0,,,,,7:05,4:30,142,479.0,16.045379638671875,1.399999976158142,0.10000000149011612,,20964565462,2025-11-12 13:14:09
2025-11-10,Treadmill Running,treadmill,5.11,0:36:57,0:37:00,130.0,167.0,,,,,7:14,6:05,140,400.0,31.23114013671875,2.0999999046325684,0.699999988079071,,20944670336,2025-11-10 13:41:27
2025-10-05,Furesø Running,outdoor,13.01,1:16:35,1:19:20,147.0,170.0,139.0,138.0,24.0,50.4,5:53,3:46,150,1107.0,101.66087341308594,3.5,0.0,54.0,20594710708,2025-10-05 11:07:50
2025-10-03,Copenhagen Running,outdoor,7.35,0:36:42,0:36:43,158.0,173.0,21.0,20.0,9.4,22.4,4:59,4:05,160,596.0,107.43943786621094,3.5,0.0,55.0,20579388978,2025-10-03 18:44:22
2025-09-28,Copenhagen Running,outdoor,8.02,0:36:49,0:37:24,164.0,182.0,20.0,18.0,5.8,16.4,4:35,2:36,162,639.0,147.22547912597656,3.9000000953674316,0.30000001192092896,55.0,20524748970,2025-09-28 12:13:27
2025-09-21,Copenhagen Running,outdoor,3.42,0:19:59,0:21:01,119.0,144.0,10.0,12.0,8.4,17.0,5:50,3:53,146,262.0,25.311355590820312,2.0,0.0,,20452743081,2025-09-21 10:13:23
2025-09-20,Copenhagen Running,outdoor,2.78,0:16:16,0:17:53,123.0,141.0,8.0,5.0,14.2,20.6,5:51,4:25,139,227.0,25.2208251953125,2.0,0.0,,20441681194,2025-09-20 09:05:00
2025-09-17,Treadmill Running,treadmill,1.44,0:14:21,0:15:21,116.0,143.0,,,,,9:55,6:06,108,136.0,11.2266845703125,0.800000011920929,0.0,,20417286793,2025-09-17 18:59:03
2025-09-14,Copenhagen - HM 1:30,outdoor,21.13,1:31:08,1:31:37,183.0,191.0,43.0,44.0,7.8,26.6,4:18,2:48,168,1713.0,471.9599914550781,5.0,2.5999999046325684,55.0,20386395611,2025-09-14 18:22:19
2025-09-07,Copenhagen Running,outdoor,8.0,0:49:58,0:51:43,146.0,160.0,45.0,36.0,4.4,35.4,6:14,4:59,144,717.0,68.1373291015625,2.799999952316284,0.0,55.0,20308820686,2025-09-07 12:41:10
2025-09-06,Copenhagen - 1:30 HM Sim (10km),outdoor,10.02,0:42:06,0:42:09,176.0,193.0,19.0,20.0,8.6,20.8,4:12,2:46,172,779.0,273.9517822265625,4.599999904632568,2.200000047683716,55.0,20303378786,2025-09-06 22:28:30
2025-09-05,Treadmill Running,treadmill,4.32,0:29:37,0:29:59,133.0,151.0,,,,,6:51,5:37,146,343.0,35.28291320800781,2.200000047683716,0.0,,20289643278,2025-09-05 16:04:23
2025-08-31,Frederiksberg Running,outdoor,8.42,0:52:21,0:53:52,142.0,178.0,42.0,49.0,3.6,36.2,6:13,4:16,135,714.0,72.41911315917969,2.9000000953674316,0.0,55.0,20234027037,2025-08-31 11:36:36
2025-08-30,Copenhagen - PRGRSV 14 @ 5:10~>4:18,outdoor,10.01,0:48:44,0:48:54,173.0,195.0,78.0,79.0,9.8,36.6,4:52,3:21,161,856.0,220.3950958251953,4.099999904632568,2.0,55.0,20226228008,2025-08-30 15:54:20
2025-08-27,Copenhagen Running,outdoor,5.14,0:21:57,0:21:59,184.0,197.0,4.0,8.0,10.2,18.8,4:16,3:41,171,418.0,156.32894897460938,3.700000047683716,0.699999988079071,55.0,20198337249,2025-08-27 20:19:50
2025-08-27,Copenhagen - 5k - 19 min - 3:48 m/km,outdoor,5.28,0:20:35,0:20:38,189.0,206.0,9.0,9.0,11.8,18.8,3:53,2:58,174,421.0,272.51885986328125,4.0,3.0999999046325684,55.0,20196738580,2025-08-27 18:16:59
2025-08-24,Copenhagen - 10 km @ 1:30 HM Pace (4:16),outdoor,10.1,0:43:01,0:43:03,177.0,193.0,20.0,15.0,8.8,18.4,4:15,3:03,174,809.0,295.98675537109375,4.900000095367432,2.4000000953674316,55.0,20166336754,2025-08-24 20:36:00
2025-08-23,Copenhagen Running,outdoor,17.34,1:41:16,1:43:10,138.0,190.0,132.0,132.0,8.2,36.0,5:50,4:19,149,1428.0,112.66734313964844,3.4000000953674316,0.10000000149011612,55.0,20149991254,2025-08-23 11:01:07
2025-08-20,Copenhagen - 3x2k < 4:10,outdoor,8.49,0:37:59,0:38:26,161.0,180.0,29.0,25.0,10.0,23.8,4:28,3:09,168,646.0,172.2070770263672,3.700000047683716,2.200000047683716,55.0,20121931725,2025-08-20 17:40:14
2025-08-18,Copenhagen Running,outdoor,8.35,0:54:51,0:56:10,126.0,143.0,15.0,12.0,9.8,19.6,6:34,3:15,143,676.0,45.600250244140625,2.4000000953674316,0.0,,20102226364,2025-08-18 21:48:37
2025-08-16,Vordingborg Running,outdoor,29.3,3:40:49,4:08:50,146.0,188.0,926.0,921.0,1.6,147.2,7:32,3:17,121,2872.0,222.41676330566406,4.400000095367432,1.2000000476837158,55.0,20076728209,2025-08-16 09:32:51
2025-08-14,Copenhagen Running,outdoor,9.07,0:56:38,0:57:37,141.0,157.0,27.0,24.0,9.8,23.2,6:14,4:09,153,760.0,58.98931884765625,2.700000047683716,0.0,55.0,20052182118,2025-08-14 06:06:31
2025-08-12,Copenhagen - 4x1200 @ <4:05,outdoor,7.6,0:36:53,0:37:04,162.0,190.0,11.0,7.0,11.4,15.4,4:51,3:08,165,618.0,171.32679748535156,3.700000047683716,2.0999999046325684,55.0,20029741802,2025-08-12 06:17:26
2025-08-10,Copenhagen Running,outdoor,8.01,0:51:45,0:51:53,132.0,143.0,14.0,13.0,10.2,17.0,6:27,4:31,153,646.0,45.30986022949219,2.4000000953674316,0.0,55.0,20008314024,2025-08-10 06:09:14
2025-08-09,Copenhagen Running,outdoor,10.26,0:46:44,0:46:46,168.0,190.0,31.0,28.0,10.8,23.4,4:33,3:42,170,825.0,212.17808532714844,4.5,0.0,55.0,19997855148,2025-08-09 06:27:11
2025-08-07,Copenhagen - 8/10 k easy <5:15,outdoor,8.39,0:45:55,0:46:42,154.0,170.0,27.0,22.0,11.0,26.0,5:28,3:35,64,717.0,103.31637573242188,3.299999952316284,0.0,55.0,19977073141,2025-08-07 06:19:03
2025-08-05,Copenhagen - 6x800 < 4:00,outdoor,6.95,0:34:26,0:35:09,162.0,192.0,23.0,20.0,6.6,19.6,4:57,2:29,161,587.0,269.217529296875,3.9000000953674316,3.5999999046325684,55.0,19954364293,2025-08-05 06:07:51
2025-08-02,Vordingborg Running,outdoor,10.87,0:56:11,0:56:14,150.0,181.0,72.0,77.0,11.4,34.0,5:10,4:12,162,868.0,130.94090270996094,3.700000047683716,0.0,55.0,19925151421,2025-08-02 12:34:38
2025-07-31,Vordingborg Running,outdoor,10.01,0:45:02,0:45:06,171.0,189.0,72.0,70.0,9.2,34.6,4:29,3:33,168,812.0,230.25173950195312,4.599999904632568,1.2999999523162842,55.0,19908085262,2025-07-31 17:59:12
2025-07-27,Copenhagen Running,outdoor,8.15,0:55:06,0:57:06,133.0,144.0,25.0,20.0,9.4,21.6,6:45,5:23,142,693.0,46.18791198730469,2.4000000953674316,0.0,,19868060882,2025-07-27 20:01:55
2025-07-24,Rødovre Running,outdoor,0.91,0:06:25,0:08:37,152.0,174.0,1.0,,10.8,12.4,7:03,5:44,100,130.0,22.549942016601562,1.7999999523162842,0.0,,19834558855,2025-07-24 15:41:06
2025-07-24,Rødovre Running,outdoor,6.98,0:33:12,0:35:22,167.0,194.0,,,12.0,12.4,4:45,2:51,152,604.0,208.99627685546875,3.9000000953674316,2.700000047683716,55.0,19834472560,2025-07-24 15:03:05
2025-07-22,Copenhagen Running,outdoor,5.57,0:32:59,0:33:01,130.0,142.0,15.0,14.0,10.8,19.6,5:55,4:41,153,432.0,35.61457824707031,2.200000047683716,0.0,,19815507468,2025-07-22 19:17:28
2025-07-20,Frederiksberg Running,outdoor,11.51,1:04:39,1:04:42,165.0,180.0,35.0,36.0,18.4,36.4,5:36,4:41,158,1034.0,146.21224975585938,3.9000000953674316,0.0,55.0,19788587415,2025-07-20 08:02:51
2025-07-18,Copenhagen Running,outdoor,6.11,0:27:59,0:28:12,154.0,175.0,34.0,35.0,9.8,33.6,4:35,3:05,163,471.0,105.94889831542969,3.4000000953674316,0.20000000298023224,56.0,19772347652,2025-07-18 15:24:26
2025-07-16,Copenhagen Running,outdoor,5.01,0:21:15,0:21:36,151.0,186.0,9.0,10.0,11.4,16.4,4:14,3:26,165,351.0,95.23527526855469,3.200000047683716,0.699999988079071,55.0,19752155376,2025-07-16 16:05:06
2025-07-12,Copenhagen Running,outdoor,13.07,1:18:15,1:20:47,151.0,168.0,39.0,43.0,2.0,12.6,5:59,3:58,148,1132.0,105.89384460449219,3.299999952316284,0.0,54.0,19707799735,2025-07-12 10:20:52
2025-07-10,Copenhagen Running,outdoor,6.01,0:28:03,0:28:24,166.0,183.0,19.0,16.0,7.4,21.4,4:39,3:48,158,481.0,129.6602783203125,3.5999999046325684,0.0,54.0,19692395914,2025-07-10 19:05:19
2025-07-08,Copenhagen Running,outdoor,7.24,0:39:36,0:42:13,142.0,169.0,18.0,20.0,10.4,21.8,5:28,3:50,142,575.0,81.97434997558594,3.0999999046325684,0.0,53.0,19669934130,2025-07-08 16:38:24
2025-07-03,Running,outdoor,7.23,0:38:05,0:38:56,169.0,181.0,77.0,84.0,1307.2,1365.2,5:16,4:22,150,634.0,141.05184936523438,3.799999952316284,0.0,51.0,19619944786,2025-07-03 16:46:27
2025-07-01,Running,outdoor,5.08,0:27:09,0:27:48,154.0,175.0,69.0,73.0,1351.4,1399.6,5:21,4:22,153,420.0,82.57809448242188,3.0999999046325684,0.0,52.0,19600957514,2025-07-01 19:26:51
2025-06-28,Naro-Fominskiy rayon Running,outdoor,11.3,1:05:22,1:08:08,161.0,182.0,143.0,138.0,160.0,206.6,5:47,3:16,138,1040.0,163.8595733642578,4.099999904632568,0.20000000298023224,52.0,19570191477,2025-06-28 15:09:47
2025-06-25,Running,outdoor,8.4,0:52:14,1:01:09,148.0,172.0,65.0,58.0,163.6,221.6,6:13,4:32,137,805.0,97.81489562988281,3.4000000953674316,0.4000000059604645,,19540350491,2025-06-25 13:59:37
2025-06-21,Furesø Running,outdoor,11.62,1:15:11,1:15:14,164.0,181.0,227.0,234.0,25.6,55.4,6:28,3:47,154,1115.0,147.2261505126953,4.099999904632568,0.0,52.0,19499202946,2025-06-21 10:36:02
2025-06-18,Copenhagen Running,outdoor,8.45,0:41:02,0:42:14,157.0,192.0,26.0,28.0,8.8,18.6,4:51,2:22,155,653.0,186.5681610107422,4.0,2.5,52.0,19475165404,2025-06-18 21:59:49
2025-06-15,Tårnby Running,outdoor,21.31,1:51:25,1:51:53,175.0,200.0,116.0,129.0,-20.8,52.0,5:13,3:51,163,1895.0,452.5748291015625,5.0,1.899999976158142,51.0,19439753882,2025-06-15 10:44:32
2025-06-11,Copenhagen Running,outdoor,10.02,0:53:12,0:53:41,158.0,173.0,16.0,18.0,7.6,23.2,5:18,4:27,155,848.0,158.00729370117188,4.199999809265137,0.0,51.0,19404198457,2025-06-11 20:42:31
2025-01-01,Treadmill Running,treadmill,2.66,0:12:28,0:12:29,,,,,,,4:40,3:59,164,257.0,0.0,0.0,0.0,,17892422421,2025-01-01 23:33:27
2024-12-17,Treadmill Running,treadmill,4.33,0:31:25,0:35:37,,,,,,,7:15,2:14,121,390.0,0.1891021728515625,0.0,0.0,,17782827462,2024-12-17 21:01:00
2024-12-09,Hill Intervals,treadmill,1.19,0:11:30,0:15:31,,,,,,,9:38,2:26,122,106.0,0.0,0.0,0.0,,17725178559,2024-12-09 21:32:11
2024-12-07,Treadmill Running,treadmill,3.59,0:24:50,0:25:06,,,,,,,6:54,6:01,147,335.0,1.3695526123046875,0.10000000149011612,0.0,,17709659665,2024-12-07 16:43:43
2024-12-02,Treadmill Running,treadmill,4.07,0:30:10,0:30:11,,,,,,,7:25,5:27,145,347.0,0.0,0.0,0.0,,17709659006,2024-12-02 19:54:03
2024-11-26,Treadmill Running,treadmill,6.57,0:31:42,0:31:43,,,,,,,4:49,3:11,161,614.0,0.0,0.0,0.0,,17628522839,2024-11-26 18:05:49
2024-11-24,Treadmill Running,treadmill,7.03,0:36:52,0:36:53,,,,,,,5:14,3:44,158,663.0,0.0,0.0,0.0,,17614786713,2024-11-24 20:25:00
2024-11-08,Copenhagen Running,outdoor,7.57,0:43:19,1:10:56,,,45.7,19.0,2.6,17.8,5:43,4:19,95,691.0,14.588043212890625,1.399999976158142,0.0,,17522085756,2024-11-08 06:49:40
2024-11-06,Treadmill Running,treadmill,1.85,0:11:18,0:13:42,,,,,,,6:05,2:34,130,172.0,0.0,0.0,0.0,,17522085594,2024-11-06 21:15:22
2024-10-18,Vordingborg Running,outdoor,136.9,17:56:45,20:45:06,,,1178.1,1169.0,-5.2,128.4,7:51,3:48,121,11503.0,322.61700439453125,5.0,0.0,,17331828953,2024-10-18 10:07:52
2024-10-13,Copenhagen Running,outdoor,21.15,2:08:00,2:11:40,122.0,138.0,113.5,115.6,-1.6,29.2,6:03,3:51,151,1952.0,84.74322509765625,3.299999952316284,0.0,,17294705754,2024-10-13 15:24:48
2024-10-08,Copenhagen Running,outdoor,8.22,0:43:07,0:43:09,,,20.4,17.1,3.2,16.4,5:14,3:23,164,761.0,19.837158203125,1.899999976158142,0.0,,17237293202,2024-10-08 21:36:55
2024-09-14,Copenhagen Running,outdoor,5.23,0:32:54,0:39:19,,,23.2,16.6,1.4,16.2,6:17,3:43,149,469.0,16.715789794921875,1.600000023841858,0.0,,17200311030,2024-09-14 22:37:52
2024-09-07,Copenhagen Running,outdoor,4.26,0:27:57,0:50:17,,,126.9,104.0,2.4,166.6,6:33,4:26,78,357.0,9.47491455078125,0.8999999761581421,0.0,,17200310780,2024-09-07 11:16:03
2024-08-30,Furesø Trail Running,outdoor,4.43,0:28:13,0:28:51,,,39.0,41.7,22.4,46.4,6:22,5:33,155,390.0,18.361038208007812,1.7999999523162842,0.0,,16937372633,2024-08-30 10:18:32
2024-08-04,Naxos Running,outdoor,22.22,2:12:09,2:18:29,158.0,182.0,85.1,96.2,-1.0,30.2,5:56,4:33,148,2067.0,229.74188232421875,4.599999904632568,0.4000000059604645,52.0,16866205255,2024-08-04 06:50:56
2024-08-02,Treadmill Running,treadmill,6.0,0:36:28,0:38:22,,,,,,,6:04,2:03,135,552.0,0.0,0.0,0.0,,16866205058,2024-08-02 16:49:18
2024-07-31,Athens Running,outdoor,9.41,0:56:28,1:00:17,,,47.9,50.4,85.2,117.0,5:59,4:04,142,859.0,28.103179931640625,2.0,0.0,,16866204796,2024-07-31 22:53:36
2024-07-25,Vordingborg Running,outdoor,5.19,0:32:07,0:32:11,,,36.7,44.9,12.2,35.0,6:11,5:18,155,469.0,20.80059814453125,1.600000023841858,0.0,,16866204525,2024-07-25 14:16:24
2024-07-25,Running,outdoor,,,0:00:03,,,,,28.0,28.2,,,,0.0,0.18389892578125,0.0,0.0,,16866204423,2024-07-25 14:12:36
2024-07-23,Vordingborg - Track/Road Reps,outdoor,6.51,0:41:13,0:42:37,148.0,184.0,49.7,47.5,24.0,35.0,6:19,2:17,139,607.0,227.81089782714844,3.0999999046325684,3.5999999046325684,52.0,16866204364,2024-07-23 20:29:45
2024-07-20,Copenhagen Running,outdoor,16.94,1:43:47,1:45:00,145.0,170.0,34.6,40.3,0.4,13.2,6:07,4:24,152,1434.0,124.021240234375,3.5,0.0,52.0,16866204257,2024-07-20 21:17:13
2024-07-18,Copenhagen Running,outdoor,10.9,0:59:13,1:00:03,162.0,178.0,34.2,44.0,-7.2,9.8,5:25,4:06,154,982.0,192.7455596923828,4.300000190734863,0.0,52.0,16493500050,2024-07-18 14:12:17
2024-07-16,Track/Road Reps,treadmill,7.0,0:38:05,0:46:45,157.0,185.0,,,,,5:26,1:14,130,734.0,201.92970275878906,3.799999952316284,2.700000047683716,,16435447669,2024-07-16 09:40:40
2024-07-14,Copenhagen Running,outdoor,16.21,1:29:11,1:30:01,168.0,185.0,56.5,63.9,5.4,19.6,5:30,4:10,154,1466.0,300.66387939453125,5.0,1.5,52.0,16407294442,2024-07-14 13:42:10
2024-07-11,Copenhagen Running,outdoor,8.74,0:58:29,1:00:01,149.0,161.0,13.1,13.1,4.2,12.2,6:41,5:20,147,795.0,71.02496337890625,3.0999999046325684,0.0,52.0,16352497240,2024-07-11 09:29:21
2024-07-09,Copenhagen - Track/Road Reps,outdoor,8.7,0:49:24,0:51:50,161.0,193.0,23.6,22.1,-0.4,4.8,5:40,2:19,138,823.0,295.9835205078125,4.300000190734863,3.9000000953674316,52.0,16335649003,2024-07-09 16:48:18
2024-07-07,Odense Running,outdoor,8.15,0:40:04,0:41:56,173.0,191.0,52.3,46.6,-6.2,6.6,4:55,3:04,153,763.0,283.8716125488281,5.0,2.5999999046325684,53.0,16283136345,2024-07-07 07:47:20
2024-07-04,Furesø Trail Running,outdoor,12.87,1:19:57,1:20:01,158.0,174.0,114.1,113.4,20.2,52.6,6:12,4:48,155,1213.0,147.5655517578125,4.099999904632568,0.0,53.0,16235985789,2024-07-04 09:51:27
2024-06-29,Vordingborg Running,outdoor,7.43,0:39:14,0:40:00,148.0,163.0,52.1,47.3,11.2,33.8,5:16,4:26,155,632.0,87.77166748046875,3.299999952316284,0.0,53.0,16191080511,2024-06-29 20:32:48
2024-06-26,Copenhagen Running,outdoor,10.22,0:59:12,1:00:00,,,70.9,75.4,6.2,31.4,5:47,2:37,150,982.0,28.717300415039062,2.200000047683716,0.0,,16124754790,2024-06-26 16:59:51
2024-06-20,Copenhagen Running,outdoor,5.03,0:25:22,0:25:23,,,25.4,10.4,-3.8,13.4,5:02,3:00,163,469.0,5.857696533203125,0.5,0.0,,16124750674,2024-06-20 17:59:57
2024-06-07,Running,outdoor,3.07,0:16:12,0:16:49,,,14.0,1.1,-4.8,10.6,5:17,4:44,158,293.0,1.2802734375,0.10000000149011612,0.0,,15786291345,2024-06-07 10:30:41
2024-05-21,Antibes Trail Running,outdoor,4.69,0:29:46,0:31:49,,,106.6,102.1,0.8,38.0,6:20,4:23,139,403.0,12.161483764648438,1.2000000476837158,0.0,,15613189602,2024-05-21 12:35:15
2024-05-19,Antibes Running,outdoor,6.7,0:40:40,0:41:21,,,29.6,18.9,1.2,17.4,6:04,4:38,155,615.0,19.547821044921875,1.899999976158142,0.0,,15470441246,2024-05-19 12:42:48
2024-05-16,Copenhagen Running,outdoor,4.61,0:22:56,0:23:06,,,19.2,11.8,0.2,13.8,4:58,4:08,159,425.0,11.042465209960938,1.100000023841858,0.0,,15428489522,2024-05-16 21:23:09
2024-05-13,Copenhagen Running,outdoor,7.6,0:41:15,0:41:35,,,11.9,25.0,-5.2,14.4,5:25,4:39,154,695.0,24.762039184570312,2.0999999046325684,0.0,,15379960599,2024-05-13 19:48:10
2024-05-05,Copenhagen Running,outdoor,42.85,3:44:43,3:46:39,,,74.7,74.2,2.2,15.2,5:14,3:57,161,4026.0,91.59919738769531,3.4000000953674316,0.0,,15236830616,2024-05-05 09:42:49
2024-05-01,Treadmill Running,treadmill,3.06,0:15:00,0:15:01,,,,,,,4:53,4:34,165,297.0,2.8024139404296875,0.20000000298023224,0.0,,15182485267,2024-05-01 18:45:58
2024-04-28,Copenhagen Running,outdoor,10.02,0:47:18,0:48:12,,,49.7,56.4,-0.6,13.2,4:43,3:50,160,935.0,19.682281494140625,1.899999976158142,0.0,,15117922914,2024-04-28 13:42:18
2024-04-25,Copenhagen Running,outdoor,5.01,0:26:00,0:26:22,,,8.2,10.5,13.0,18.8,5:11,4:27,155,456.0,13.762664794921875,1.2999999523162842,0.0,,15073510703,2024-04-25 18:30:47
2024-04-20,Copenhagen Running,outdoor,30.4,2:37:46,2:41:24,,,103.3,101.9,-6.4,18.4,5:11,3:59,158,2878.0,64.17231750488281,3.0,0.0,,14994461372,2024-04-20 16:14:02
2024-04-18,Copenhagen Running,outdoor,8.04,0:40:31,0:40:46,133.0,145.0,15.1,18.4,9.2,19.6,5:02,4:16,157,732.0,37.18486022949219,2.4000000953674316,0.0,,14965701121,2024-04-18 20:25:40
2024-04-13,Copenhagen Running,outdoor,22.0,1:52:36,1:54:31,,,143.5,143.3,0.4,33.4,5:07,2:35,157,2026.0,51.76580810546875,2.700000047683716,0.0,,14883498654,2024-04-13 18:14:31
2024-04-07,Copenhagen Running,outdoor,9.01,0:45:45,0:46:56,,,21.6,22.5,2.6,10.4,5:04,3:53,159,855.0,13.254562377929688,1.2999999523162842,0.0,,14785308614,2024-04-07 18:26:04
2024-03-31,Copenhagen Running,outdoor,15.01,1:14:17,1:14:55,,,75.9,79.6,2.6,28.6,4:57,2:53,161,1361.0,30.467117309570312,2.200000047683716,0.0,,14667963322,2024-03-31 14:11:23
2024-03-26,Copenhagen Running,outdoor,8.85,0:41:44,0:43:47,,,36.4,23.0,-5.2,12.0,4:42,3:50,154,837.0,14.7734375,1.399999976158142,0.0,,14589596058,2024-03-26 11:57:18
2024-03-07,Frederiksberg Running,outdoor,5.09,0:26:59,0:27:06,,,11.5,10.5,9.6,16.0,5:18,3:43,158,490.0,13.777984619140625,1.2999999523162842,0.0,,14291443891,2024-03-07 09:21:30
2024-03-03,Egedal Trail Running,outdoor,13.36,1:04:11,1:06:08,87.0,103.0,115.3,94.1,12.4,49.8,4:48,1:50,159,1370.0,23.873626708984375,2.0999999046325684,0.0,,14235349770,2024-03-03 16:01:31
2024-02-22,Copenhagen Running,outdoor,7.02,0:29:25,0:30:01,129.0,163.0,18.0,5.6,3.4,15.8,4:11,1:45,158,613.0,18.641036987304688,1.7999999523162842,0.0,,14084095082,2024-02-22 18:35:47
2024-02-11,Copenhagen Trail Running,outdoor,16.29,1:44:42,1:47:20,,,146.6,141.7,10.6,30.8,6:25,4:23,149,1519.0,61.95735168457031,3.0,0.0,,13914860462,2024-02-11 13:02:30
2024-02-02,Treadmill Running,treadmill,7.0,0:33:21,0:33:22,,,,,,,4:45,4:21,167,678.0,0.0,0.0,0.0,,13782858132,2024-02-02 15:14:28
2024-01-30,Copenhagen Running,outdoor,5.03,0:22:33,0:22:33,,,10.8,6.8,10.4,15.6,4:29,3:56,163,465.0,8.554367065429688,0.800000011920929,0.0,,13738015909,2024-01-30 18:30:30
2024-01-23,Copenhagen Running,outdoor,5.05,0:24:56,0:25:11,153.0,179.0,60.7,17.1,-21.2,12.4,4:56,4:16,160,426.0,103.56353759765625,3.5,0.0,,13632532062,2024-01-23 18:27:48
2024-01-19,Sharm El Sheikh Trail Running,outdoor,4.0,0:25:13,0:25:18,,,18.9,10.4,0.2,11.6,6:18,5:21,160,381.0,15.66790771484375,1.5,0.0,,13624642363,2024-01-19 13:15:11
2024-01-16,Sharm El Sheikh Trail Running,outdoor,3.13,0:20:01,0:20:18,,,15.6,15.6,8.0,15.4,6:23,4:55,156,300.0,13.005279541015625,1.2999999523162842,0.0,,13624641148,2024-01-16 10:57:15
2024-01-10,Frederiksberg Running,outdoor,5.08,0:29:38,0:29:38,151.0,171.0,83.6,55.8,-17.0,29.2,5:50,3:33,158,468.0,86.14677429199219,3.299999952316284,0.0,,13624671049,2024-01-10 16:20:14
2024-01-07,Copenhagen Running,outdoor,5.0,0:28:16,0:28:17,144.0,153.0,22.2,22.8,5.8,15.8,5:39,3:51,164,421.0,61.53785705566406,3.0,0.0,,13624668482,2024-01-07 22:42:31
2024-01-04,Frederiksberg Running,outdoor,5.73,0:31:02,0:31:21,139.0,157.0,41.6,19.9,-19.6,7.6,5:25,3:55,158,516.0,45.05006408691406,2.5999999046325684,0.0,,13624666039,2024-01-04 20:02:29
2024-01-01,Running,outdoor,2.62,0:14:40,0:14:47,147.0,159.0,21.7,4.8,-2.2,14.8,5:36,4:24,162,232.0,46.09165954589844,2.5999999046325684,0.0,,13624654952,2024-01-01 19:50:33
2023-12-03,København Løb,outdoor,5.01,0:26:52,0:27:06,,,16.4,7.2,5.4,21.0,5:21,3:06,157,492.0,12.984283447265625,1.2999999523162842,0.0,,12970536184,2023-12-03 18:42:54
2023-11-01,Aalborg Løb,outdoor,6.69,0:48:56,0:52:21,,,16.6,12.6,-0.8,10.2,7:18,4:47,130,576.0,16.603759765625,1.600000023841858,0.0,,12558366121,2023-11-01 08:05:41
2023-10-31,Løbebånd,treadmill,4.06,0:36:12,0:37:01,,,,,,,8:54,7:38,114,251.0,0.0,0.0,0.0,,12558362605,2023-10-31 15:56:53
2023-10-11,Aalborg Løb,outdoor,5.64,0:30:25,0:30:25,,,28.2,25.5,-2.6,4.4,5:23,4:33,159,539.0,14.501373291015625,1.399999976158142,0.0,,12265668024,2023-10-11 06:32:03
2023-10-03,København Løb,outdoor,5.05,0:24:18,0:24:51,,,38.3,30.1,3.2,31.4,4:48,3:28,157,472.0,15.625396728515625,1.5,0.0,,12164446851,2023-10-03 20:15:34
2023-09-30,København Løb,outdoor,10.1,0:57:59,0:58:34,145.0,171.0,56.6,61.1,5.2,21.2,5:44,3:59,156,941.0,33.36643981933594,2.299999952316284,0.0,,12138920588,2023-09-30 12:50:15
2023-09-28,Aalborg Løb,outdoor,6.72,0:39:38,0:41:41,,,13.8,10.4,-1.0,5.0,5:53,4:42,148,633.0,20.024505615234375,2.0,0.0,,12129896114,2023-09-28 06:45:10
2023-09-26,Aalborg Løb,outdoor,5.6,0:34:58,0:41:49,,,16.6,12.4,-1.2,8.6,6:14,2:04,130,487.0,12.350570678710938,1.2000000476837158,0.0,,12120202363,2023-09-26 17:17:13
2023-09-23,Løb,outdoor,10.42,0:50:03,0:50:34,,,32.3,27.7,-27.8,-10.6,4:48,3:26,161,1008.0,1.49774169921875,0.10000000149011612,0.0,,12120201117,2023-09-23 12:23:21
2023-09-18,Aalborg Løb,outdoor,7.4,0:36:51,0:37:59,,,16.6,6.8,-3.0,7.2,4:58,2:27,154,697.0,16.749298095703125,1.600000023841858,0.0,,12120199479,2023-09-18 20:52:40
2023-09-10,København Løb,outdoor,8.88,0:48:32,0:50:06,,,23.9,15.6,7.4,22.6,5:27,3:55,153,816.0,23.550140380859375,2.0,0.0,,11989615729,2023-09-10 11:02:30
2023-08-30,København Løb,outdoor,4.2,0:21:20,0:21:45,,,8.9,15.6,4.8,15.2,5:04,4:12,152,391.0,10.535919189453125,1.0,0.0,,11910123307,2023-08-30 21:47:12
2023-08-24,Løb,outdoor,3.54,0:20:53,0:21:11,,,20.4,7.2,21.8,38.6,5:54,4:10,157,340.0,0.09393310546875,0.0,0.0,,11900858753,2023-08-24 21:00:03
2023-08-22,København Løb,outdoor,5.32,0:31:04,0:31:15,,,13.7,17.5,9.4,17.0,5:50,4:36,157,497.0,20.143798828125,2.0,0.0,,11900857164,2023-08-22 20:35:47
2023-08-19,Skanderborg Løb terræn,outdoor,20.05,3:01:21,3:27:56,164.0,191.0,1153.2,1150.8,29.4,158.8,9:02,3:05,107,2982.0,386.08331298828125,5.0,2.0999999046325684,,11900854998,2023-08-19 10:33:11
2023-08-17,Løbebånd,treadmill,2.54,0:11:53,0:12:00,147.0,157.0,,,,,4:41,4:27,165,192.0,41.65391540527344,2.5,0.0,,11817522214,2023-08-17 19:12:09
2023-08-14,København Løb,outdoor,4.0,0:29:24,0:30:26,129.0,140.0,9.2,10.5,13.4,22.8,7:20,5:39,138,338.0,22.454330444335938,2.0,0.0,,11796174793,2023-08-14 18:03:16
2023-08-09,København Løb,outdoor,5.08,0:24:28,0:28:48,142.0,161.0,15.3,21.9,5.0,15.8,4:49,3:51,136,443.0,86.44174194335938,3.299999952316284,0.0,,11748283638,2023-08-09 13:29:44
2023-08-01,København Løb,outdoor,5.11,0:26:41,0:27:14,151.0,165.0,15.1,16.6,6.8,12.4,5:13,4:15,156,436.0,79.65092468261719,3.200000047683716,0.0,,11695333394,2023-08-01 16:21:41
2023-07-30,København Løb,outdoor,10.65,0:53:04,0:53:18,152.0,166.0,68.1,71.9,9.2,32.8,4:59,2:30,158,877.0,149.03970336914062,4.099999904632568,0.0,53.0,11678367631,2023-07-30 21:01:15
2023-07-24,Løbebånd,treadmill,2.11,0:12:00,0:12:00,157.0,174.0,,,,,5:42,4:33,160,200.0,53.35621643066406,2.799999952316284,0.0,,11639415722,2023-07-24 21:20:37
2023-07-16,Vordingborg Løb terræn,outdoor,6.03,0:34:31,0:34:52,146.0,159.0,63.8,58.0,14.0,35.8,5:43,4:52,155,518.0,69.22395324707031,3.0999999046325684,0.0,53.0,11595067652,2023-07-16 14:08:21
2023-07-13,Løbebånd,treadmill,1.63,0:14:58,0:15:01,65.0,86.0,,,,,9:10,8:23,109,32.0,0.320159912109375,0.0,0.0,,11553464351,2023-07-13 19:30:13
2023-07-12,Løbebånd,treadmill,2.45,0:12:01,0:12:02,134.0,156.0,,,,,4:54,4:13,163,166.0,29.099624633789062,2.200000047683716,0.0,,11553461559,2023-07-12 19:33:06
2023-07-07,Løbebånd,treadmill,4.35,0:25:03,0:25:22,,,,,,,5:45,4:35,154,408.0,0.0,0.0,0.0,,11510089901,2023-07-07 22:28:20
2023-06-20,Løb terræn,outdoor,7.16,0:42:58,0:49:05,,,194.2,128.9,1456.0,1645.6,6:00,4:16,132,643.0,22.0587158203125,2.0,0.0,,11384165521,2023-06-20 13:29:37
2023-06-03,København Løb,outdoor,4.5,0:22:22,0:22:31,,,17.9,12.1,7.6,18.4,4:58,3:34,167,453.0,14.279388427734375,1.399999976158142,0.0,,11259876083,2023-06-03 11:53:10
2023-05-28,København Løb,outdoor,3.64,0:17:36,0:17:45,,,8.7,3.7,26.8,34.4,4:50,4:19,165,336.0,8.695846557617188,0.800000011920929,0.0,,11259874503,2023-05-28 18:31:39
2023-05-22,Løb,outdoor,5.01,0:26:15,0:27:23,,,18.0,9.1,31.0,40.8,5:14,4:13,156,478.0,5.4451751708984375,0.5,0.0,,11177063031,2023-05-22 18:00:17
2023-04-19,København Løb,outdoor,3.61,0:17:51,0:17:51,,,12.4,9.6,12.8,22.8,4:56,4:04,159,337.0,10.058502197265625,1.0,0.0,,10938844900,2023-04-19 18:31:06
2023-04-17,Løbebånd,treadmill,0.76,0:04:37,0:12:00,112.0,133.0,,,,,6:02,4:42,157,68.0,5.738372802734375,0.5,0.0,,10924195086,2023-04-17 18:08:38
2023-04-10,Gribskov Løb terræn,outdoor,19.53,2:02:58,2:17:41,72.0,73.0,354.3,348.2,-184.8,-121.8,6:17,3:04,153,1799.0,30.954299926757812,2.200000047683716,0.0,,10873710157,2023-04-10 10:20:36
2023-03-24,Frederiksberg Løb,outdoor,8.29,0:50:10,0:51:11,160.0,179.0,126.3,145.2,-5.8,35.4,6:02,2:55,154,768.0,100.45960998535156,3.5,0.0,,10873705287,2023-03-24 09:12:02
2023-03-21,Løbebånd,treadmill,2.39,0:12:05,0:12:06,175.0,184.0,,,,,5:03,4:31,161,230.0,78.11341857910156,3.200000047683716,0.0,,10873701076,2023-03-21 14:51:28
2023-02-18,København Løb terræn,outdoor,10.76,1:04:09,1:05:38,151.0,179.0,68.9,61.3,15.2,36.0,5:57,4:06,155,974.0,113.85372924804688,3.700000047683716,0.0,53.0,10534570889,2023-02-18 11:29:29
2023-02-06,København Løb,outdoor,6.13,0:29:08,0:29:08,118.0,169.0,25.1,15.3,14.2,29.0,4:45,3:36,161,548.0,60.73591613769531,3.0,0.0,,10458009509,2023-02-06 20:16:51
2023-01-16,Rudersdal Løb terræn,outdoor,12.54,1:19:23,1:57:25,151.0,191.0,198.8,173.1,1.8,42.6,6:19,2:57,91,1528.0,209.8661346435547,4.400000095367432,2.5,53.0,10324427335,2023-01-16 19:12:24
2023-01-15,Frederiksberg Løb,outdoor,5.18,0:31:01,0:31:08,144.0,162.0,79.5,64.6,342.6,378.4,5:59,3:47,158,461.0,68.54536437988281,3.0999999046325684,0.0,53.0,10312004382,2023-01-15 10:48:34
2023-01-13,Løbebånd,treadmill,3.17,0:19:44,0:20:00,152.0,186.0,,,,,6:13,4:16,139,308.0,83.07145690917969,3.0999999046325684,1.399999976158142,,10303374155,2023-01-13 19:53:02
2023-01-07,Estepona Løb,outdoor,4.03,0:25:44,0:25:45,151.0,165.0,46.6,44.4,6.6,25.0,6:22,5:26,159,375.0,51.90997314453125,2.799999952316284,0.0,53.0,10259990210,2023-01-07 11:26:08
2023-01-04,Løbebånd,treadmill,4.24,0:23:04,0:23:11,145.0,180.0,,,,,5:26,4:31,152,343.0,78.52313232421875,3.200000047683716,0.20000000298023224,,10244518517,2023-01-04 20:23:53
2023-01-02,Frederiksberg Løb,outdoor,4.62,0:23:28,0:23:44,169.0,183.0,19.5,13.1,9.0,26.6,5:04,4:15,162,408.0,100.23362731933594,3.5,0.0,53.0,10226986457,2023-01-02 09:47:55
2022-12-30,Furesø Løb terræn,outdoor,11.09,1:10:31,1:10:40,170.0,184.0,85.5,84.4,17.4,35.0,6:21,4:44,156,1128.0,170.01724243164062,4.400000095367432,0.0,53.0,10210370900,2022-12-30 10:24:08
2022-12-08,Løbebånd,treadmill,3.52,0:18:00,0:18:00,155.0,182.0,,,,,5:06,4:27,158,300.0,74.34234619140625,3.0999999046325684,0.20000000298023224,,10143158951,2022-12-08 17:52:32
2022-11-30,København Løb,outdoor,6.0,0:33:22,0:33:22,155.0,170.0,28.0,20.4,14.8,28.4,5:33,4:29,155,525.0,82.77777099609375,3.299999952316284,0.0,,10063453817,2022-11-30 19:15:21
2022-11-06,København Løb,outdoor,6.91,0:34:28,0:34:36,167.0,189.0,73.4,68.4,14.4,43.4,4:59,2:42,158,613.0,164.62051391601562,4.099999904632568,1.399999976158142,54.0,9929196974,2022-11-06 16:07:27
2022-11-04,København Løb,outdoor,3.09,0:16:27,0:16:54,145.0,158.0,9.4,4.9,14.2,21.4,5:19,4:37,158,265.0,51.349334716796875,2.700000047683716,0.0,,9914304924,2022-11-04 07:27:01
2022-10-09,Furesø Løb terræn,outdoor,22.02,2:25:58,2:30:27,164.0,191.0,264.9,264.6,19.6,44.8,6:37,4:26,147,2193.0,254.49240112304688,5.0,0.0,,9758614846,2022-10-09 13:13:59
2022-09-27,Løbebånd,treadmill,2.68,0:14:36,0:15:00,186.0,202.0,,,,,5:26,4:27,157,317.0,179.80226135253906,4.199999809265137,2.0,,9686612556,2022-09-27 18:57:02
2022-09-24,Furesø Løb terræn,outdoor,12.02,1:17:29,1:20:22,164.0,185.0,176.3,183.2,15.8,44.2,6:26,4:35,148,1263.0,177.5392303466797,4.400000095367432,0.30000001192092896,53.0,9686612406,2022-09-24 18:49:50
2022-09-13,Løbebånd,treadmill,3.09,0:18:19,0:18:51,174.0,199.0,,,,,5:55,4:28,152,341.0,137.866943359375,3.5999999046325684,2.0,,9599158283,2022-09-13 17:56:13
2022-09-03,København Løb,outdoor,6.38,,0:36:14,161.0,176.0,69.2,61.4,3.6,35.2,,3:57,156,573.0,92.6326904296875,3.299999952316284,0.0,54.0,9561888632,2022-09-03 14:27:46
2022-08-20,Skanderborg Løb terræn,outdoor,22.53,3:14:52,3:37:06,172.0,204.0,1320.2,1316.6,32.0,166.0,8:39,3:05,113,3481.0,576.6121215820312,5.0,3.200000047683716,,9440994386,2022-08-20 11:00:20
2022-08-14,Furesø Løb terræn,outdoor,10.32,1:08:24,1:08:29,136.0,151.0,85.6,87.5,20.0,36.0,6:37,2:20,154,855.0,64.35899353027344,3.0,0.0,54.0,9404246644,2022-08-14 19:51:36
2022-08-08,Løbebånd,treadmill,2.09,0:14:53,0:20:28,165.0,184.0,,,,,7:06,1:36,111,353.0,100.0042724609375,3.299999952316284,0.699999988079071,,9363375356,2022-08-08 18:56:07
2022-08-03,Furesø Løb terræn,outdoor,3.24,0:23:03,0:24:11,156.0,172.0,62.1,59.7,23.8,36.6,7:06,3:00,146,368.0,69.24189758300781,3.0,0.10000000149011612,,9331412857,2022-08-03 19:36:29
2022-08-03,København Løb,outdoor,4.36,0:29:53,0:35:21,143.0,158.0,17.0,20.2,10.0,18.4,6:51,5:17,125,456.0,41.332855224609375,2.4000000953674316,0.0,,9329505972,2022-08-03 14:22:58
2022-08-01,København Løb,outdoor,6.18,0:35:37,0:35:39,172.0,194.0,81.9,76.3,8.8,31.8,5:45,2:36,147,628.0,193.79278564453125,4.199999809265137,2.4000000953674316,54.0,9316661930,2022-08-01 16:50:28
2022-07-28,København Løb,outdoor,5.17,0:37:03,0:37:51,124.0,140.0,17.7,15.2,7.8,14.8,7:09,2:08,144,419.0,27.190811157226562,2.0999999046325684,0.10000000149011612,,9292899304,2022-07-28 20:18:20
2022-07-25,København Løb,outdoor,3.53,0:17:50,0:17:50,147.0,164.0,13.7,8.0,14.4,21.6,5:03,4:31,160,293.0,61.71160888671875,3.0,0.0,,9268777089,2022-07-25 06:43:35
2022-07-23,Vordingborg Løb terræn,outdoor,5.25,0:33:14,0:33:30,146.0,171.0,45.2,43.2,19.8,29.4,6:19,4:38,152,456.0,54.24427795410156,2.799999952316284,0.0,54.0,9259436030,2022-07-23 17:12:17
2022-07-20,København Løb,outdoor,5.32,0:38:28,0:39:13,136.0,158.0,29.2,29.2,9.8,17.0,7:14,5:25,143,462.0,33.886016845703125,2.299999952316284,0.10000000149011612,,9240121480,2022-07-20 15:21:00
2022-07-12,Furesø Løb terræn,outdoor,10.28,1:08:12,1:08:37,164.0,188.0,194.5,182.9,23.2,47.6,6:37,4:38,151,1073.0,172.1981201171875,4.300000190734863,0.800000011920929,54.0,9190417581,2022-07-12 17:47:27
2022-07-09,Assens Løb,outdoor,5.26,0:26:32,0:26:40,168.0,187.0,30.9,63.2,1.0,12.2,5:02,4:31,160,455.0,125.10874938964844,3.799999952316284,0.0,53.0,9168133348,2022-07-09 08:36:39
2022-07-04,Løb,outdoor,6.01,0:35:49,0:35:59,173.0,187.0,105.8,109.8,1358.4,1462.0,5:57,4:47,148,623.0,132.7551727294922,3.9000000953674316,0.0,52.0,9138218489,2022-07-04 15:11:29
2022-06-06,København Løb,outdoor,5.44,0:34:58,0:36:31,140.0,162.0,85.2,84.0,10.6,34.4,6:25,4:34,142,495.0,47.11036682128906,2.5999999046325684,0.0,55.0,8997886038,2022-06-06 19:52:00
2022-06-04,Furesø Løb terræn,outdoor,9.22,0:59:31,0:59:59,165.0,189.0,198.9,191.2,23.6,47.0,6:27,3:38,150,997.0,195.14187622070312,4.599999904632568,0.8999999761581421,55.0,8997885935,2022-06-04 09:37:34
2022-05-23,Furesø Løb terræn,outdoor,8.24,1:00:26,1:04:03,156.0,180.0,185.4,180.5,22.8,43.2,7:20,3:03,134,940.0,119.35447692871094,3.5999999046325684,0.699999988079071,,8880302060,2022-05-23 20:17:37
2022-05-21,Odsherred Løb,outdoor,5.0,0:27:54,0:27:55,145.0,162.0,46.2,50.6,0.8,37.2,5:34,4:50,157,433.0,63.83613586425781,3.0,0.0,55.0,8862725274,2022-05-21 06:50:50
2022-05-12,Løbebånd,treadmill,1.38,0:15:10,0:15:22,132.0,139.0,,,,,10:58,9:24,113,208.0,20.25189208984375,2.0,0.0,,8810814735,2022-05-12 19:55:12
2022-04-25,Furesø Løb terræn,outdoor,10.96,1:09:05,1:09:20,161.0,182.0,76.5,75.3,20.2,35.4,6:18,4:47,154,1111.0,145.03610229492188,4.099999904632568,0.0,,8705613273,2022-04-25 20:07:21
2022-04-07,Løbebånd,treadmill,4.89,0:23:19,0:23:20,180.0,195.0,,,,,4:46,4:32,166,485.0,228.24264526367188,4.5,2.0,,8597441618,2022-04-07 18:06:53
2022-04-04,København Løb,outdoor,3.44,0:17:09,0:20:31,148.0,179.0,15.3,18.9,9.8,17.6,4:59,4:19,137,342.0,65.71928405761719,3.0,0.0,,8577909914,2022-04-04 08:33:15
2022-03-30,København Løb,outdoor,3.35,0:26:43,0:27:38,131.0,156.0,22.6,14.5,8.0,27.0,7:58,5:29,143,307.0,19.75970458984375,1.899999976158142,0.0,,8553831416,2022-03-30 19:39:40
2022-03-25,København Løb,outdoor,5.16,0:29:24,0:31:22,149.0,175.0,16.0,23.8,-4.2,12.2,5:41,4:38,145,496.0,71.5899658203125,3.0,0.10000000149011612,56.0,8520124744,2022-03-25 08:13:10
2022-03-22,København Løb,outdoor,5.34,0:27:40,0:28:37,165.0,182.0,16.5,21.8,2.6,14.0,5:10,4:20,153,492.0,93.88742065429688,3.4000000953674316,0.0,56.0,8502620852,2022-03-22 11:36:08
2022-03-18,Furesø Løb terræn,outdoor,10.08,1:03:11,1:04:00,154.0,181.0,227.1,213.9,17.8,40.0,6:16,4:44,154,969.0,102.41932678222656,3.299999952316284,0.0,56.0,8481599190,2022-03-18 20:16:25
2022-03-14,Løbebånd,treadmill,7.05,0:46:25,0:46:56,179.0,191.0,,,,,6:35,4:31,159,924.0,344.48309326171875,5.0,0.699999988079071,,8469392955,2022-03-14 19:12:17
2022-03-09,Furesø Løb terræn,outdoor,1.77,0:11:22,0:12:04,134.0,146.0,15.4,14.8,28.2,36.0,6:24,5:28,149,156.0,18.963272094726562,1.7000000476837158,0.0,,8430644363,2022-03-09 20:06:56
2022-03-08,Løbebånd,treadmill,3.66,0:19:46,0:20:07,163.0,186.0,,,,,5:24,4:33,152,341.0,114.29713439941406,3.5,1.100000023841858,,8421189902,2022-03-08 16:39:45
2022-03-04,København Løb,outdoor,4.16,0:19:57,0:22:05,156.0,183.0,11.7,14.6,4.0,13.4,4:47,4:05,146,371.0,91.49774169921875,3.299999952316284,0.4000000059604645,56.0,8402514627,2022-03-04 08:51:31
2022-02-28,København Løb,outdoor,12.22,1:09:30,1:10:45,162.0,186.0,144.8,143.3,7.4,34.0,5:41,3:49,155,1099.0,142.78659057617188,3.9000000953674316,0.6000000238418579,56.0,8380534683,2022-02-28 13:11:09
2022-02-20,Furesø Løb terræn,outdoor,12.0,1:13:18,1:14:14,164.0,188.0,122.4,128.0,19.2,46.8,6:06,4:09,156,1144.0,170.1313934326172,4.400000095367432,0.0,56.0,8326655891,2022-02-20 08:19:29
2022-02-18,København Løb,outdoor,5.62,0:27:05,0:27:54,176.0,199.0,43.5,33.4,0.6,17.0,4:49,3:58,153,491.0,140.87103271484375,3.799999952316284,1.2000000476837158,,8318646273,2022-02-18 18:43:20
2022-02-02,København Løb,outdoor,11.84,1:06:35,1:07:41,152.0,181.0,132.2,131.8,7.2,33.8,5:37,4:13,156,1011.0,121.48872375488281,3.700000047683716,0.0,56.0,8227571176,2022-02-02 19:50:10
2022-01-31,København Løb,outdoor,7.01,0:35:26,0:35:36,169.0,184.0,43.4,42.9,8.2,35.0,5:03,4:16,159,598.0,117.21017456054688,3.700000047683716,0.0,,8213139427,2022-01-31 11:54:43
2022-01-20,København Løb,outdoor,12.71,1:17:49,1:19:20,166.0,192.0,73.6,46.2,-25.8,2.4,6:07,4:39,154,1224.0,164.10401916503906,4.300000190734863,0.0,,8153311913,2022-01-20 20:11:39
2022-01-15,Furesø Løb terræn,outdoor,12.88,1:24:48,1:27:10,160.0,181.0,276.5,271.5,19.6,54.4,6:35,3:53,149,1275.0,137.46109008789062,3.9000000953674316,0.10000000149011612,,8122206081,2022-01-15 13:37:06
2021-12-31,København Løb,outdoor,4.05,0:19:31,0:20:25,165.0,185.0,18.8,14.1,10.0,22.4,4:48,3:41,156,355.0,90.04072570800781,3.299999952316284,0.0,,8038184744,2021-12-31 16:31:34
2021-12-25,København Løb,outdoor,5.16,0:26:34,0:26:39,147.0,168.0,25.2,17.7,3.0,18.0,5:09,3:27,160,427.0,82.33570861816406,3.200000047683716,0.0,56.0,8008132041,2021-12-25 16:38:40
2021-12-13,København Løb,outdoor,4.02,0:19:59,0:20:28,144.0,164.0,13.7,12.9,8.6,16.6,4:58,4:04,158,335.0,71.85331726074219,3.0999999046325684,0.0,56.0,7953140906,2021-12-13 08:27:04
2021-12-03,København Løb,outdoor,8.36,0:39:14,0:43:38,171.0,199.0,39.7,31.1,2.8,15.4,4:41,3:26,144,776.0,184.38125610351562,4.199999809265137,2.0999999046325684,,7909223020,2021-12-03 17:00:44
2021-11-26,København Løb,outdoor,10.44,1:01:00,1:01:58,165.0,184.0,93.8,96.3,4.4,28.4,5:50,4:01,156,968.0,136.8463592529297,4.0,0.0,,7878256518,2021-11-26 19:56:58
2021-11-25,Løbebånd,treadmill,2.54,0:12:00,0:12:01,181.0,191.0,,,,,4:43,3:23,165,238.0,120.24699401855469,3.4000000953674316,1.600000023841858,,7873227974,2021-11-25 19:17:42
2021-11-21,København Løb,outdoor,2.56,0:13:26,0:13:31,167.0,187.0,10.5,8.6,7.4,13.0,5:15,4:35,160,220.0,46.55931091308594,2.5999999046325684,0.0,,7853974074,2021-11-21 18:15:00
2021-11-21,København Løb,outdoor,3.31,0:16:52,0:16:54,145.0,163.0,11.3,4.0,8.0,16.0,5:06,4:10,160,280.0,70.46957397460938,3.0,0.0,56.0,7853892592,2021-11-21 17:02:28
2021-11-16,Løbebånd,treadmill,5.69,0:33:27,0:36:42,164.0,200.0,,,,,5:52,4:36,134,551.0,301.6184997558594,4.900000095367432,3.4000000953674316,,7828148736,2021-11-16 16:35:58
2021-11-08,København Løb,outdoor,4.43,0:21:22,0:21:45,153.0,183.0,9.8,7.1,8.8,15.2,4:49,4:01,157,361.0,78.97091674804688,3.200000047683716,0.0,,7788080673,2021-11-08 18:51:48
2021-10-19,København Løb,outdoor,4.37,0:22:01,0:22:01,150.0,173.0,15.5,7.4,-0.6,8.6,5:02,3:58,161,367.0,79.19793701171875,3.200000047683716,0.0,,7680986726,2021-10-19 07:31:51
2021-10-12,København Løb,outdoor,9.39,0:51:52,0:52:06,164.0,181.0,86.4,89.1,3.8,30.2,5:31,4:33,158,828.0,126.17924499511719,3.799999952316284,0.0,,7647133477,2021-10-12 20:01:32
2021-10-06,København Løb,outdoor,6.55,0:31:07,0:31:09,158.0,184.0,41.7,42.3,6.8,31.2,4:45,3:49,161,531.0,119.23307800292969,3.5,0.0,56.0,7617865300,2021-10-06 15:39:43
2021-10-02,Furesø Løb terræn,outdoor,11.55,1:05:16,1:07:03,168.0,188.0,110.0,112.4,21.4,46.6,5:39,2:43,155,1123.0,240.4510955810547,4.800000190734863,1.7999999523162842,56.0,7588756947,2021-10-02 10:00:14
2021-09-19,København Løb,outdoor,2.54,0:12:49,0:13:00,147.0,167.0,10.0,9.6,8.8,15.0,5:02,4:13,156,208.0,43.205780029296875,2.5,0.0,,7536108330,2021-09-19 08:45:26
2021-09-12,Vordingborg Løb terræn,outdoor,20.75,,2:24:20,177.0,194.0,749.9,760.3,-2.0,143.2,,3:26,141,2613.0,597.1294555664062,5.0,3.0999999046325684,56.0,7473981293,2021-09-12 10:00:01
2021-09-01,København Løb,outdoor,10.05,0:46:51,0:46:52,153.0,192.0,16.9,14.8,6.8,14.0,4:39,3:40,163,733.0,168.52674865722656,3.5,2.5999999046325684,56.0,7409461055,2021-09-01 19:14:15
2021-08-14,Kalundborg Løb terræn,outdoor,31.3,3:39:53,3:51:13,167.0,191.0,898.2,889.0,-7.6,59.8,7:01,3:22,138,3757.0,655.1144409179688,5.0,3.5999999046325684,56.0,7302815676,2021-08-14 10:00:34
2021-08-12,København LÃ¸b,outdoor,4.06,0:19:38,0:20:38,149.0,172.0,5.8,11.3,3.0,10.2,4:49,4:12,152,320.0,76.5018310546875,2.9000000953674316,0.800000011920929,56.0,7289610346,2021-08-12 07:38:16
2021-07-31,København Løb,outdoor,9.75,0:57:03,0:58:55,158.0,191.0,82.7,85.8,7.6,33.2,5:50,2:54,151,968.0,228.52569580078125,4.599999904632568,2.0999999046325684,55.0,7223258601,2021-07-31 20:33:26
2021-07-22,København Løb,outdoor,8.1,0:47:50,0:49:22,155.0,182.0,7.1,10.4,4.4,9.4,5:54,4:19,146,772.0,152.68710327148438,3.9000000953674316,0.800000011920929,56.0,7172128569,2021-07-22 20:56:02
2021-07-21,Løbebånd,treadmill,2.03,0:22:33,0:25:27,159.0,170.0,,,,,11:07,10:05,104,424.0,98.33656311035156,3.4000000953674316,0.0,,7166212374,2021-07-21 21:42:18
2021-07-19,Løbebånd,treadmill,2.26,0:26:39,0:28:08,145.0,159.0,,,,,11:46,9:10,101,396.0,72.02018737792969,3.0,0.0,,7152456020,2021-07-19 16:11:09
2021-07-14,Furesø Løb terræn,outdoor,11.74,1:18:30,1:18:41,173.0,190.0,135.2,134.8,22.4,47.6,6:41,3:03,150,1412.0,417.93212890625,5.0,1.5,,7126025002,2021-07-14 19:48:00
2021-07-11,København Løb,outdoor,5.34,0:25:19,0:25:24,173.0,184.0,19.4,19.3,6.8,14.4,4:44,4:09,159,452.0,161.3229522705078,4.0,0.4000000059604645,55.0,7109345579,2021-07-11 19:41:17
2021-06-25,Løb,outdoor,6.29,0:36:11,0:38:10,161.0,176.0,761.4,3.5,1361.0,2151.8,5:45,4:36,148,647.0,157.7561798095703,3.799999952316284,0.699999988079071,53.0,7016705790,2021-06-25 09:13:05
2021-06-20,København Løb,outdoor,5.26,0:26:08,0:26:08,165.0,185.0,15.2,14.9,7.6,13.2,4:58,4:12,162,459.0,142.25489807128906,3.5,1.600000023841858,56.0,6993382365,2021-06-20 22:15:14
2021-06-17,Gladsaxe Løb terræn,outdoor,11.74,1:16:19,1:18:59,149.0,172.0,61.5,61.5,18.0,37.8,6:30,4:33,148,1131.0,122.22660827636719,3.5,0.10000000149011612,56.0,6976488834,2021-06-17 20:39:34
2021-06-14,København Løb,outdoor,9.43,1:00:00,1:00:29,165.0,188.0,133.6,132.6,8.8,33.8,6:21,2:58,153,1049.0,265.5308837890625,4.599999904632568,2.299999952316284,56.0,6956928446,2021-06-14 15:14:41
2021-06-09,København Løb,outdoor,7.01,0:35:41,0:36:25,173.0,196.0,42.7,41.2,11.4,36.0,5:05,4:00,153,689.0,333.6582336425781,4.900000095367432,3.299999952316284,56.0,6928455661,2021-06-09 16:50:05
2021-06-04,Løbebånd,treadmill,3.63,0:32:05,0:34:50,151.0,166.0,,,,,8:50,8:07,107,518.0,108.46052551269531,3.299999952316284,0.0,,6898996661,2021-06-04 18:00:53
2021-06-02,København Løb,outdoor,6.94,0:38:17,0:38:36,164.0,184.0,65.6,65.8,8.4,32.0,5:31,4:13,153,676.0,183.45700073242188,4.0,1.2999999523162842,56.0,6885835203,2021-06-02 13:34:51
2021-05-31,Løbebånd,treadmill,4.09,0:41:18,0:47:36,146.0,161.0,,,,,10:05,9:15,99,663.0,98.97306823730469,3.200000047683716,0.10000000149011612,,6876393558,2021-05-31 21:09:45
2021-05-30,København Løb,outdoor,6.99,0:39:10,0:39:13,156.0,169.0,19.3,19.2,7.8,13.4,5:36,4:15,156,649.0,125.25550842285156,3.5,0.0,56.0,6870859607,2021-05-30 21:34:52
2021-05-19,København Løb,outdoor,6.59,0:32:28,0:32:53,167.0,190.0,37.6,37.3,8.4,32.2,4:55,2:49,159,590.0,205.02076721191406,4.300000190734863,2.200000047683716,56.0,6806883039,2021-05-19 17:24:52
2021-05-17,København Løb,outdoor,0.26,0:01:11,0:01:14,141.0,158.0,1.4,,-3.6,-1.6,4:28,4:05,161,17.0,4.4739990234375,0.30000001192092896,0.0,,6795664392,2021-05-17 18:20:50
2021-05-12,Furesø Løb terræn,outdoor,11.59,1:10:49,1:12:05,148.0,175.0,94.5,89.4,6.4,31.6,6:06,4:03,151,1038.0,126.20761108398438,3.5,0.0,56.0,6766754338,2021-05-12 16:04:29
2021-05-09,København Løb,outdoor,10.49,1:03:08,1:05:54,165.0,190.0,101.7,110.5,-7.0,9.6,6:01,3:33,143,1142.0,329.573974609375,5.0,2.299999952316284,56.0,6749991405,2021-05-09 15:17:13
2021-05-07,København Løb,outdoor,10.06,0:47:55,0:48:27,165.0,191.0,17.2,19.1,-7.8,0.4,4:45,3:52,157,843.0,253.1781768798828,4.400000095367432,2.200000047683716,56.0,6739170888,2021-05-07 19:43:37
2021-04-25,København Løb,outdoor,3.7,0:16:07,0:17:31,152.0,179.0,9.3,13.9,4.8,12.6,4:21,3:05,152,276.0,75.78501892089844,2.5999999046325684,0.800000011920929,55.0,6669517067,2021-04-25 13:54:43
2021-04-22,København Løb,outdoor,4.1,0:25:23,0:26:28,144.0,161.0,22.6,20.3,2.4,9.2,6:11,4:40,151,370.0,55.86079406738281,2.4000000953674316,0.0,55.0,6651652775,2021-04-22 14:47:32
2021-04-21,København Løb,outdoor,4.67,0:22:44,0:22:50,163.0,180.0,75.7,74.3,7.6,34.8,4:52,2:57,163,390.0,108.92291259765625,3.0999999046325684,0.4000000059604645,55.0,6647590346,2021-04-21 19:11:55
2021-04-18,Furesø Løb terræn,outdoor,21.23,2:14:21,2:19:39,161.0,182.0,226.7,221.6,23.4,61.6,6:19,3:26,156,2164.0,279.1873779296875,4.900000095367432,2.0999999046325684,55.0,6627396415,2021-04-18 10:31:35
2021-04-18,Furesø Løb terræn,outdoor,21.23,2:14:21,2:19:39,160.0,182.0,226.7,221.6,23.4,61.6,6:19,3:26,156,2128.0,279.1873779296875,4.599999904632568,1.2999999523162842,55.0,6627367142,2021-04-18 10:31:35
2021-04-12,København Løb,outdoor,6.08,0:29:48,0:29:49,156.0,176.0,25.0,26.0,5.8,12.8,4:54,3:46,165,481.0,109.55836486816406,3.5,0.0,55.0,6592553636,2021-04-12 09:28:41
2021-04-10,Rudersdal Løb terræn,outdoor,15.59,1:41:52,1:44:49,166.0,190.0,200.2,198.5,13.6,36.4,6:32,4:39,151,1724.0,348.5137023925781,5.0,2.200000047683716,54.0,6581029794,2021-04-10 10:41:20
2021-04-10,Rudersdal Løb terræn,outdoor,15.59,1:41:52,1:44:49,168.0,190.0,200.2,198.5,13.6,36.4,6:32,4:39,151,1720.0,348.5137023925781,5.0,2.5,54.0,6582613157,2021-04-10 10:41:20
2021-04-07,København Løb,outdoor,2.39,0:11:02,0:11:27,155.0,181.0,9.0,,103.0,113.2,4:37,3:50,159,183.0,64.93269348144531,2.700000047683716,1.399999976158142,,6565598622,2021-04-07 16:31:06
