date,name,elapsed_time,duration_min,activity_id,start_time
2026-07-03,Copenhagen Running,1:05:44,65.7,23469555403,2026-07-03 22:16:12
2026-07-03,Copenhagen Running,1:05:44,65.7,23469555403,2026-07-03 22:16:12
2026-07-03,Copenhagen Running,1:05:44,65.7,23469555403,2026-07-03 22:16:12
2026-07-01,Functional Fitness,1:05:09,65.2,23446549147,2026-07-01 20:33:04
2026-06-29,Functional Fitness,1:23:56,83.9,23422860025,2026-06-29 21:36:18
2026-06-22,Functional Fitness,0:31:45,31.8,23353087624,2026-06-22 20:36:35
2026-06-16,Functional Fitness,1:03:54,63.9,23273744689,2026-06-16 19:00:51
2026-06-02,Functional Fitness,14:35:49,875.8,23160812986,2026-06-02 22:04:20
2026-06-01,Functional Fitness,0:43:01,43.0,23096046784,2026-06-01 21:31:40
2026-05-21,Functional Fitness,0:39:52,39.9,22960054325,2026-05-21 15:02:20
2026-05-18,Functional Fitness,0:44:34,44.6,22927144715,2026-05-18 19:34:38
2026-05-13,Functional Fitness,1:14:40,74.7,22871501037,2026-05-13 21:05:49
2026-05-11,Functional Fitness,0:27:37,27.6,22846678197,2026-05-11 20:31:21
2026-05-05,Functional Fitness,1:08:04,68.1,22778183491,2026-05-05 22:00:32
2026-05-01,Functional Fitness,1:37:00,97.0,22721848941,2026-05-01 08:22:01
2026-04-28,Functional Fitness,0:53:05,53.1,22689670973,2026-04-28 14:27:02
2026-04-24,Functional Fitness,0:40:35,40.6,22641521559,2026-04-24 13:11:22
2026-04-21,Functional Fitness,1:01:49,61.8,22606819681,2026-04-21 15:42:03
2026-04-17,Functional Fitness,0:42:32,42.5,22563931067,2026-04-17 23:24:27
2026-04-13,Functional Fitness,1:02:30,62.5,22514845010,2026-04-13 20:14:13
2026-04-05,Functional Fitness,0:58:12,58.2,22420024158,2026-04-05 20:19:41
2026-04-02,Functional Fitness,0:53:16,53.3,22380054071,2026-04-02 09:50:18
2026-03-30,Functional Fitness,1:11:18,71.3,22369406626,2026-03-30 21:28:05
2026-03-25,Functional Fitness,1:38:10,98.2,22312762929,2026-03-25 08:32:20
2026-03-13,Functional Fitness,0:53:19,53.3,22172843604,2026-03-13 06:37:51
2026-03-11,Functional Fitness,0:47:33,47.6,22172842033,2026-03-11 06:28:56
2026-03-09,Functional Fitness,0:38:57,39.0,22110795183,2026-03-09 06:23:03
2026-03-02,Functional Fitness,0:48:39,48.7,22038437615,2026-03-02 18:31:30
2026-02-26,Functional Fitness,0:50:43,50.7,21997251266,2026-02-26 21:20:27
2026-02-24,Functional Fitness,0:53:05,53.1,21965864691,2026-02-24 06:14:56
2026-02-22,Functional Fitness,1:01:26,61.4,21949896099,2026-02-22 14:27:54
2026-02-18,Functional Fitness,1:02:43,62.7,21949895717,2026-02-18 19:31:33
2026-02-06,Functional Fitness,0:44:31,44.5,21779595098,2026-02-06 06:30:29
2026-02-04,Functional Fitness,1:24:43,84.7,21764938541,2026-02-04 18:02:51
2026-01-28,Functional Fitness,0:32:28,32.5,21691028382,2026-01-28 14:44:21
2026-01-14,Functional Fitness,0:48:24,48.4,21546625161,2026-01-14 17:22:44
2026-01-13,Functional Fitness,1:24:21,84.4,21537538252,2026-01-13 19:49:42
2025-12-31,Functional Fitness,1:02:14,62.2,21401527751,2025-12-31 11:50:39
2025-12-29,Functional Fitness,0:57:46,57.8,21383673142,2025-12-29 14:39:24
2025-12-27,Functional Fitness,0:50:41,50.7,21366687998,2025-12-27 17:29:06
2025-12-24,Functional Fitness,0:51:50,51.8,21339507951,2025-12-24 11:39:17
2025-12-22,Functional Fitness,2:10:18,130.3,21325728951,2025-12-22 18:13:47
2025-12-20,Functional Fitness,1:30:48,90.8,21304614661,2025-12-20 09:44:59
2025-12-17,Functional Fitness,1:21:00,81.0,21280462430,2025-12-17 11:53:31
2025-11-29,Functional Fitness,0:41:25,41.4,21145506940,2025-11-29 20:38:13
2025-11-28,Functional Fitness,1:08:51,68.9,21145506616,2025-11-28 14:39:47
2025-11-23,Functional Fitness,0:56:19,56.3,21075000277,2025-11-23 21:40:18
2025-11-13,Functional Fitness,1:49:26,109.4,20975856831,2025-11-13 15:52:44
2025-11-09,Functional Fitness,0:46:20,46.3,20934924098,2025-11-09 13:11:15
2025-10-30,Functional Fitness,0:40:44,40.7,20838646288,2025-10-30 09:12:40
2025-10-20,Functional Fitness,1:30:26,90.4,20747871689,2025-10-20 18:27:43
2025-10-18,Functional Fitness,0:35:04,35.1,20729687807,2025-10-18 20:32:32
2025-10-07,Functional Fitness,1:38:31,98.5,20617347255,2025-10-07 16:02:10
2025-10-01,Functional Fitness,0:58:10,58.2,20559419987,2025-10-01 18:01:55
2025-09-26,Functional Fitness,1:01:23,61.4,20504092075,2025-09-26 08:32:12
2025-09-24,Functional Fitness,1:03:05,63.1,20488968715,2025-09-24 18:33:00
2025-09-17,Functional Fitness,0:40:50,40.8,20416441976,2025-09-17 18:17:34
2025-09-12,Functional Fitness,0:43:19,43.3,20376144736,2025-09-12 21:25:33
2025-09-08,Functional Fitness,0:46:33,46.6,20324180781,2025-09-08 21:00:07
2025-08-30,Functional Fitness,0:56:49,56.8,20225629614,2025-08-30 14:44:23
2025-08-28,Functional Fitness,0:52:51,52.9,20209125818,2025-08-28 20:04:53
2025-08-25,Functional Fitness,0:50:48,50.8,20174660044,2025-08-25 18:09:54
2025-08-22,Functional Fitness,2:04:33,124.6,20137735758,2025-08-22 06:00:09
2025-08-21,Functional Fitness,0:58:04,58.1,20126928942,2025-08-21 06:02:11
2025-08-19,Functional Fitness,0:42:29,42.5,20120862726,2025-08-19 14:57:19
2025-08-15,Functional Fitness,0:54:09,54.2,20062638104,2025-08-15 06:08:47
2025-08-13,Functional Fitness,0:46:55,46.9,20041214649,2025-08-13 06:15:40
2025-08-11,Functional Fitness,0:51:33,51.6,20019048595,2025-08-11 06:15:04
2025-08-08,Functional Fitness,0:54:28,54.5,19987946456,2025-08-08 06:09:59
2025-08-06,Functional Fitness,0:54:20,54.3,19965882333,2025-08-06 06:09:20
2025-08-04,Functional Fitness,1:30:03,90.1,19950842096,2025-08-04 18:46:53
2025-07-29,Functional Fitness,1:23:06,83.1,19889510859,2025-07-29 22:08:35
2025-07-28,Functional Fitness,0:29:03,29.1,19877727428,2025-07-28 20:41:50
2025-07-26,Functional Fitness,0:50:17,50.3,19858601954,2025-07-26 16:29:34
2025-07-25,Functional Fitness,0:52:16,52.3,19845096058,2025-07-25 15:49:52
2025-07-23,Functional Fitness,0:50:17,50.3,19824284888,2025-07-23 15:33:41
2025-07-17,Functional Fitness,1:01:47,61.8,19761952221,2025-07-17 14:26:04
2025-07-15,Functional Fitness,0:36:56,36.9,19744438013,2025-07-15 20:28:58
2025-07-11,Functional Fitness,1:01:54,61.9,19700575166,2025-07-11 15:23:43
2025-07-10,Functional Fitness,0:45:50,45.8,19689679858,2025-07-10 14:12:26
2025-07-07,Functional Fitness,0:49:05,49.1,19660539773,2025-07-07 17:55:06
2025-07-03,Functional Fitness,0:34:43,34.7,19619520235,2025-07-03 16:04:32
2025-07-01,Functional Fitness,0:29:27,29.5,19597833737,2025-07-01 13:33:34
2025-06-27,Functional Fitness,0:43:19,43.3,19557859519,2025-06-27 09:24:07
2025-06-22,Functional Fitness,0:56:17,56.3,19510830892,2025-06-22 13:19:17
2025-01-04,Strength,1:07:08,67.1,17917644282,2025-01-04 21:24:45
2025-01-02,Strength,0:43:22,43.4,17917643769,2025-01-02 23:30:54
2025-01-01,Strength,0:24:25,24.4,17892422282,2025-01-01 23:08:44
2024-12-26,Strength,0:57:32,57.5,17892422260,2024-12-26 12:14:45
2024-12-24,Strength,0:32:27,32.5,17828951263,2024-12-24 15:24:28
2024-12-21,Strength,0:48:28,48.5,17810459400,2024-12-21 21:09:14
2024-12-16,Strength,0:37:06,37.1,17775429401,2024-12-16 21:47:12
2024-12-09,Strength,0:46:54,46.9,17725177931,2024-12-09 20:44:57
2024-12-07,Strength,0:30:39,30.7,17709659271,2024-12-07 16:12:42
2024-12-03,Strength,1:06:05,66.1,17709659062,2024-12-03 17:21:48
2024-12-02,Strength,0:51:13,51.2,17709658951,2024-12-02 18:59:35
2024-11-26,Strength,0:50:18,50.3,17628522389,2024-11-26 17:14:25
2024-11-24,Strength,0:32:31,32.5,17614786675,2024-11-24 19:51:43
2024-11-22,Strength,1:22:17,82.3,17599050235,2024-11-22 18:47:29
2024-11-12,Strength,0:39:47,39.8,17522085835,2024-11-12 18:15:55
2024-11-06,Strength,0:53:32,53.5,17522085518,2024-11-06 20:20:43
2024-11-03,Strength,1:15:18,75.3,17450564600,2024-11-03 17:44:07
2024-10-30,Strength,1:18:22,78.4,17416721922,2024-10-30 16:26:19
2024-10-21,Strength,0:59:57,60.0,17416721422,2024-10-21 19:26:20
2024-10-15,Strength,0:56:07,56.1,17294706027,2024-10-15 21:18:23
2024-10-14,Strength,0:35:06,35.1,17294705831,2024-10-14 20:29:46
2024-10-12,Strength,0:37:33,37.6,17294704425,2024-10-12 20:41:21
2024-10-10,Strength,0:52:10,52.2,17253340146,2024-10-10 20:51:08
2024-10-08,Strength,0:39:05,39.1,17237293143,2024-10-08 20:57:07
2024-10-04,Strength,0:28:56,28.9,17200311565,2024-10-04 14:14:41
2024-10-02,Strength,0:42:33,42.6,17200311513,2024-10-02 19:29:05
2024-09-30,Strength,0:42:16,42.3,17200311464,2024-09-30 20:20:28
2024-09-27,Strength,0:31:44,31.7,17200311408,2024-09-27 12:09:30
2024-09-26,Strength,0:26:56,26.9,17200311372,2024-09-26 18:06:15
2024-09-25,Strength,0:33:00,33.0,17200311321,2024-09-25 19:44:24
2024-09-18,Strength,0:31:09,31.2,17200311123,2024-09-18 20:41:24
2024-09-16,Strength,0:34:55,34.9,17200311073,2024-09-16 18:07:43
2024-09-14,Strength,0:17:58,18.0,17200310926,2024-09-14 22:08:38
2024-09-13,Strength,0:29:58,30.0,17200310885,2024-09-13 19:49:26
2024-09-11,Strength,0:27:23,27.4,17200310825,2024-09-11 17:09:30
2024-09-05,Strength,0:31:34,31.6,17200310311,2024-09-05 17:05:02
2024-09-03,Strength,0:37:12,37.2,16937372811,2024-09-03 17:17:06
2024-09-01,Strength,0:31:35,31.6,16937372727,2024-09-01 19:13:45
2024-08-27,Strength,0:44:41,44.7,16872171524,2024-08-27 09:06:02
2024-08-26,Strength,0:33:58,34.0,16866206246,2024-08-26 16:07:44
2024-08-23,Strength,0:40:32,40.5,16866205840,2024-08-23 21:47:00
2024-08-20,Strength,0:45:30,45.5,16866205789,2024-08-20 19:27:23
2024-08-19,Strength,0:44:19,44.3,16866205675,2024-08-19 14:55:09
2024-08-16,Strength,0:41:04,41.1,16866205609,2024-08-16 13:32:09
2024-08-15,Strength,0:49:32,49.5,16866205548,2024-08-15 16:22:20
2024-08-13,Strength,0:41:02,41.0,16866205498,2024-08-13 20:23:11
2024-08-10,Strength,0:41:01,41.0,16866205447,2024-08-10 18:40:49
2024-08-09,Strength,0:40:20,40.3,16866205317,2024-08-09 20:52:53
2024-07-30,Strength,0:50:37,50.6,16866204690,2024-07-30 21:51:24
2024-07-29,Strength,1:04:34,64.6,16866204621,2024-07-29 16:34:53
2024-07-19,Strength,0:48:45,48.8,16493501808,2024-07-19 15:10:53
2024-07-17,Strength,0:52:52,52.9,16453229127,2024-07-17 09:22:36
2024-07-15,Strength,1:10:22,70.4,16422384904,2024-07-15 13:54:01
2024-07-12,Strength,1:23:51,83.9,16369626414,2024-07-12 09:29:02
2024-07-10,Strength,0:58:25,58.4,16335732892,2024-07-10 09:15:36
2024-07-08,Strength,0:51:06,51.1,16335647594,2024-07-08 14:54:52
2024-07-01,Strength,0:42:42,42.7,16218114618,2024-07-01 21:34:38
